Year,2025 Estimation (360),,2024 (360),,2023 (360),,2022 (360),,2021 (360),,2020 (396),,2019 (372),,2018 (360),,2017 (366),,2016 (372),,2015 (504),,2014 (360),,2013 (360),,2012 (408),,2011 (480),,2010 (489),,2009 (480),,2008 (476),,Year
AIR,Mark,Percentage,Mark,Percentage,Mark,Percentage,Mark,Percentage,Mark,Percentage,Mark,Percentage,Mark,Percentage,Mark,Percentage,Mark,Percentage,Mark,Percentage,Mark,Percentage,Mark,Percentage,Mark,Percentage,Mark,Percentage,Mark,Percentage,Mark,Percentage,Mark,Percentage,Mark,Percentage,AIR
1,332,92.22%,355,98.61%,341,94.72%,314,87.22%,348,96.67%,352,88.89%,346,93.01%,337,93.61%,339,92.62%,320,86.02%,469,93.06%,334,92.78%,332,92.22%,385,94.36%,440,91.67%,418,85.48%,424,88.33%,433,90.97%,1
11,316,87.78%,328,91.11%,323,89.72%,285,79.17%,323,89.72%,320,80.81%,307,82.53%,309,85.83%,326,89.07%,291,78.23%,427,84.72%,320,88.89%,322,89.44%,365,89.46%,417,86.88%,392,80.16%,384,80.00%,-,-,11
51,297,82.50%,312,86.67%,301,83.61%,252,70.00%,300,83.33%,295,74.49%,281,75.54%,283,78.61%,312,85.25%,261,70.16%,379,75.20%,292,81.11%,288,80.00%,-,-,394,82.08%,365,74.64%,364,75.83%,-,-,51
101,278,77.22%,300,83.33%,284,78.89%,236,65.56%,285,79.17%,279,70.45%,270,72.58%,272,75.56%,305,83.33%,246,66.13%,354,70.24%,278,77.22%,276,76.67%,324,79.41%,-,-,346,70.76%,349,72.71%,350,73.53%,101
201,254,70.56%,281,78.06%,269,74.72%,221,61.39%,266,73.89%,262,66.16%,253,68.01%,258,71.67%,295,80.60%,230,61.83%,-,-,267,74.17%,261,72.50%,307,75.25%,-,-,329,67.28%,329,68.54%,-,-,201
301,247,68.61%,272,75.56%,257,71.39%,209,58.06%,254,70.56%,251,63.38%,243,65.32%,247,68.61%,289,78.96%,219,58.87%,-,-,259,71.94%,253,70.28%,297,72.79%,-,-,317,64.83%,316,65.83%,-,-,301
401,240,66.67%,265,73.61%,248,68.89%,199,55.28%,245,68.06%,243,61.36%,234,62.90%,240,66.67%,284,77.60%,211,56.72%,-,-,252,70.00%,245,68.06%,286,70.10%,-,-,310,63.39%,309,64.38%,-,-,401
501,235,65.28%,258,71.67%,242,67.22%,192,53.33%,237,65.83%,235,59.34%,227,61.02%,233,64.72%,279,76.23%,204,54.84%,304,60.32%,246,68.33%,239,66.39%,280,68.63%,346,72.08%,304,62.17%,302,62.92%,287,60.29%,501
601,228,63.33%,251,69.72%,237,65.83%,186,51.67%,231,64.17%,229,57.83%,222,59.68%,227,63.06%,276,75.41%,199,53.49%,-,-,241,66.94%,235,65.28%,275,67.40%,-,-,299,61.15%,297,61.88%,-,-,601
701,222,61.67%,246,68.33%,232,64.44%,182,50.56%,225,62.50%,223,56.31%,217,58.33%,223,61.94%,272,74.32%,194,52.15%,-,-,237,65.83%,231,64.17%,270,66.18%,-,-,295,60.33%,291,60.63%,-,-,701
801,217,60.28%,242,67.22%,227,63.06%,177,49.17%,221,61.39%,218,55.05%,213,57.26%,219,60.83%,269,73.50%,190,51.08%,-,-,234,65.00%,227,63.06%,266,65.20%,-,-,290,59.30%,286,59.58%,-,-,801
901,212,58.89%,237,65.83%,222,61.67%,173,48.06%,216,60.00%,214,54.04%,209,56.18%,216,60.00%,266,72.68%,187,50.27%,-,-,230,63.89%,223,61.94%,262,64.22%,-,-,287,58.69%,282,58.75%,-,-,901
1001,208,57.78%,233,64.72%,219,60.83%,170,47.22%,212,58.89%,210,53.03%,206,55.38%,213,59.17%,264,72.13%,184,49.46%,276,54.76%,227,63.06%,221,61.39%,259,63.48%,326,67.92%,283,57.87%,278,57.92%,263,55.25%,1001
1101,204,56.67%,230,63.89%,215,59.72%,167,46.39%,209,58.06%,207,52.27%,204,54.84%,210,58.33%,261,71.31%,180,48.39%,-,-,225,62.50%,219,60.83%,257,62.99%,-,-,280,57.26%,274,57.08%,-,-,1101
1201,201,55.83%,227,63.06%,212,58.89%,163,45.28%,206,57.22%,204,51.52%,201,54.03%,207,57.50%,258,70.49%,178,47.85%,-,-,222,61.67%,216,60.00%,253,62.01%,-,-,277,56.65%,271,56.46%,-,-,1201
1301,199,55.28%,224,62.22%,209,58.06%,161,44.72%,203,56.39%,201,50.76%,199,53.49%,204,56.67%,257,70.22%,175,47.04%,-,-,220,61.11%,213,59.17%,251,61.52%,-,-,274,56.03%,267,55.63%,-,-,1301
1401,196,54.44%,221,61.39%,206,57.22%,159,44.17%,200,55.56%,198,50.00%,197,52.96%,202,56.11%,254,69.40%,173,46.51%,-,-,218,60.56%,211,58.61%,248,60.78%,-,-,271,55.42%,264,55.00%,-,-,1401
1501,193,53.61%,219,60.83%,203,56.39%,156,43.33%,198,55.00%,195,49.24%,195,52.42%,200,55.56%,253,69.13%,171,45.97%,-,-,216,60.00%,209,58.06%,246,60.29%,311,64.79%,269,55.01%,262,54.58%,248,52.10%,1501
1601,191,53.06%,216,60.00%,200,55.56%,153,42.50%,195,54.17%,193,48.74%,193,51.88%,198,55.00%,251,68.58%,169,45.43%,-,-,213,59.17%,207,57.50%,244,59.80%,-,-,267,54.60%,259,53.96%,-,-,1601
1701,188,52.22%,214,59.44%,197,54.72%,151,41.94%,192,53.33%,190,47.98%,191,51.34%,196,54.44%,249,68.03%,167,44.89%,-,-,211,58.61%,205,56.94%,242,59.31%,-,-,264,53.99%,257,53.54%,-,-,1701
1801,186,51.67%,212,58.89%,195,54.17%,149,41.39%,190,52.78%,188,47.47%,190,51.08%,195,54.17%,247,67.49%,166,44.62%,-,-,209,58.06%,204,56.67%,239,58.58%,-,-,262,53.58%,254,52.92%,-,-,1801
1901,183,50.83%,210,58.33%,193,53.61%,147,40.83%,188,52.22%,186,46.97%,188,50.54%,193,53.61%,246,67.21%,164,44.09%,-,-,207,57.50%,202,56.11%,237,58.09%,-,-,261,53.37%,252,52.50%,-,-,1901
2001,181,50.28%,207,57.50%,191,53.06%,146,40.56%,186,51.67%,184,46.46%,186,50.00%,191,53.06%,244,66.67%,162,43.55%,-,-,206,57.22%,200,55.56%,235,57.60%,300,62.50%,259,52.97%,249,51.88%,236,49.58%,2001
2101,179,49.72%,205,56.94%,189,52.50%,144,40.00%,184,51.11%,182,45.96%,185,49.73%,190,52.78%,243,66.39%,161,43.28%,-,-,204,56.67%,198,55.00%,234,57.35%,-,-,257,52.56%,247,51.46%,-,-,2101
2201,178,49.44%,203,56.39%,187,51.94%,143,39.72%,182,50.56%,180,45.45%,183,49.19%,188,52.22%,241,65.85%,160,43.01%,-,-,203,56.39%,197,54.72%,232,56.86%,-,-,255,52.15%,246,51.25%,-,-,2201
2301,176,48.89%,202,56.11%,185,51.39%,141,39.17%,180,50.00%,179,45.20%,182,48.92%,187,51.94%,240,65.57%,158,42.47%,-,-,201,55.83%,195,54.17%,229,56.13%,-,-,253,51.74%,243,50.63%,-,-,2301
2401,174,48.33%,200,55.56%,183,50.83%,140,38.89%,178,49.44%,177,44.70%,181,48.66%,185,51.39%,238,65.03%,157,42.20%,-,-,200,55.56%,194,53.89%,228,55.88%,-,-,251,51.33%,241,50.21%,-,-,2401
2501,173,48.06%,199,55.28%,181,50.28%,138,38.33%,176,48.89%,175,44.19%,180,48.39%,184,51.11%,237,64.75%,155,41.67%,237,47.02%,199,55.28%,192,53.33%,227,55.64%,291,60.63%,250,51.12%,239,49.79%,227,47.69%,2501
2601,171,47.50%,197,54.72%,180,50.00%,137,38.06%,175,48.61%,174,43.94%,178,47.85%,182,50.56%,236,64.48%,154,41.40%,-,-,197,54.72%,192,53.33%,226,55.39%,-,-,248,50.72%,237,49.38%,-,-,2601
2701,169,46.94%,196,54.44%,178,49.44%,136,37.78%,173,48.06%,172,43.43%,177,47.58%,181,50.28%,234,63.93%,153,41.13%,-,-,196,54.44%,190,52.78%,224,54.90%,-,-,247,50.51%,235,48.96%,-,-,2701
2801,168,46.67%,194,53.89%,177,49.17%,134,37.22%,171,47.50%,171,43.18%,176,47.31%,180,50.00%,233,63.66%,152,40.86%,-,-,195,54.17%,189,52.50%,222,54.41%,-,-,246,50.31%,234,48.75%,-,-,2801
2901,166,46.11%,193,53.61%,175,48.61%,133,36.94%,169,46.94%,169,42.68%,175,47.04%,179,49.72%,232,63.39%,151,40.59%,-,-,194,53.89%,188,52.22%,221,54.17%,-,-,245,50.10%,232,48.33%,-,-,2901
3001,165,45.83%,192,53.33%,174,48.33%,132,36.67%,168,46.67%,168,42.42%,174,46.77%,177,49.17%,231,63.11%,150,40.32%,-,-,193,53.61%,187,51.94%,220,53.92%,284,59.17%,243,49.69%,230,47.92%,219,46.01%,3001
3101,164,45.56%,191,53.06%,173,48.06%,131,36.39%,167,46.39%,167,42.17%,173,46.51%,176,48.89%,229,62.57%,149,40.05%,-,-,192,53.33%,186,51.67%,218,53.43%,-,-,242,49.49%,229,47.71%,-,-,3101
3201,163,45.28%,189,52.50%,171,47.50%,129,35.83%,165,45.83%,165,41.67%,172,46.24%,175,48.61%,228,62.30%,148,39.78%,-,-,191,53.06%,185,51.39%,217,53.19%,-,-,241,49.28%,227,47.29%,-,-,3201
3301,161,44.72%,188,52.22%,170,47.22%,128,35.56%,163,45.28%,164,41.41%,171,45.97%,174,48.33%,227,62.02%,147,39.52%,-,-,190,52.78%,184,51.11%,216,52.94%,-,-,239,48.88%,226,47.08%,-,-,3301
3401,160,44.44%,187,51.94%,169,46.94%,127,35.28%,162,45.00%,163,41.16%,170,45.70%,173,48.06%,226,61.75%,146,39.25%,-,-,189,52.50%,183,50.83%,215,52.70%,-,-,237,48.47%,224,46.67%,-,-,3401
3501,159,44.17%,186,51.67%,167,46.39%,126,35.00%,161,44.72%,162,40.91%,169,45.43%,172,47.78%,225,61.48%,145,38.98%,-,-,188,52.22%,182,50.56%,213,52.21%,277,57.71%,236,48.26%,223,46.46%,212,44.54%,3501
3601,158,43.89%,185,51.39%,166,46.11%,125,34.72%,160,44.44%,161,40.66%,168,45.16%,171,47.50%,224,61.20%,144,38.71%,-,-,187,51.94%,181,50.28%,212,51.96%,-,-,235,48.06%,222,46.25%,-,-,3601
3701,157,43.61%,184,51.11%,165,45.83%,124,34.44%,159,44.17%,159,40.15%,167,44.89%,170,47.22%,223,60.93%,144,38.71%,-,-,187,51.94%,180,50.00%,211,51.72%,-,-,234,47.85%,220,45.83%,-,-,3701
3801,156,43.33%,183,50.83%,164,45.56%,123,34.17%,157,43.61%,158,39.90%,166,44.62%,169,46.94%,221,60.38%,143,38.44%,-,-,186,51.67%,180,50.00%,210,51.47%,-,-,233,47.65%,219,45.63%,-,-,3801
3901,155,43.06%,182,50.56%,163,45.28%,122,33.89%,156,43.33%,157,39.65%,165,44.35%,168,46.67%,220,60.11%,142,38.17%,-,-,185,51.39%,178,49.44%,210,51.47%,-,-,232,47.44%,218,45.42%,-,-,3901
4001,154,42.78%,181,50.28%,162,45.00%,121,33.61%,155,43.06%,156,39.39%,164,44.09%,167,46.39%,219,59.84%,141,37.90%,-,-,184,51.11%,177,49.17%,209,51.23%,271,56.46%,231,47.24%,216,45.00%,206,43.28%,4001
4101,152,42.22%,180,50.00%,161,44.72%,120,33.33%,154,42.78%,155,39.14%,163,43.82%,166,46.11%,218,59.56%,141,37.90%,-,-,183,50.83%,177,49.17%,207,50.74%,-,-,230,47.03%,215,44.79%,-,-,4101
4201,152,42.22%,179,49.72%,160,44.44%,120,33.33%,153,42.50%,154,38.89%,162,43.55%,165,45.83%,217,59.29%,140,37.63%,-,-,182,50.56%,176,48.89%,206,50.49%,-,-,229,46.83%,214,44.58%,-,-,4201
4301,151,41.94%,178,49.44%,159,44.17%,119,33.06%,152,42.22%,153,38.64%,162,43.55%,164,45.56%,217,59.29%,139,37.37%,-,-,181,50.28%,175,48.61%,205,50.25%,-,-,227,46.42%,213,44.38%,-,-,4301
4401,151,41.94%,177,49.17%,158,43.89%,118,32.78%,151,41.94%,152,38.38%,161,43.28%,164,45.56%,216,59.02%,139,37.37%,-,-,181,50.28%,174,48.33%,204,50.00%,-,-,226,46.22%,212,44.17%,-,-,4401
4501,149,41.39%,176,48.89%,157,43.61%,118,32.78%,150,41.67%,151,38.13%,160,43.01%,163,45.28%,215,58.74%,138,37.10%,-,-,180,50.00%,173,48.06%,204,50.00%,266,55.42%,225,46.01%,211,43.96%,200,42.02%,4501
4601,148,41.11%,176,48.89%,156,43.33%,117,32.50%,149,41.39%,150,37.88%,159,42.74%,162,45.00%,214,58.47%,137,36.83%,-,-,179,49.72%,173,48.06%,202,49.51%,-,-,224,45.81%,210,43.75%,-,-,4601
4701,148,41.11%,175,48.61%,155,43.06%,116,32.22%,148,41.11%,149,37.63%,159,42.74%,161,44.72%,213,58.20%,136,36.56%,-,-,178,49.44%,172,47.78%,201,49.26%,-,-,223,45.60%,209,43.54%,-,-,4701
4801,147,40.83%,174,48.33%,155,43.06%,115,31.94%,147,40.83%,148,37.37%,158,42.47%,160,44.44%,213,58.20%,136,36.56%,-,-,178,49.44%,171,47.50%,201,49.26%,-,-,222,45.40%,208,43.33%,-,-,4801
4901,147,40.83%,173,48.06%,154,42.78%,115,31.94%,146,40.56%,148,37.37%,157,42.20%,159,44.17%,212,57.92%,135,36.29%,-,-,177,49.17%,170,47.22%,199,48.77%,-,-,221,45.19%,206,42.92%,-,-,4901
5001,146,40.56%,172,47.78%,153,42.50%,114,31.67%,145,40.28%,147,37.12%,157,42.20%,158,43.89%,211,57.65%,134,36.02%,205,40.67%,176,48.89%,170,47.22%,199,48.77%,261,54.38%,220,44.99%,205,42.71%,195,40.97%,5001
5101,145,40.28%,172,47.78%,152,42.22%,114,31.67%,144,40.00%,146,36.87%,156,41.94%,158,43.89%,210,57.38%,134,36.02%,-,-,176,48.89%,169,46.94%,198,48.53%,-,-,219,44.79%,204,42.50%,-,-,5101
5201,144,40.00%,171,47.50%,151,41.94%,113,31.39%,143,39.72%,145,36.62%,155,41.67%,157,43.61%,209,57.10%,133,35.75%,-,-,175,48.61%,169,46.94%,197,48.28%,-,-,219,44.79%,203,42.29%,-,-,5201
5301,143,39.72%,170,47.22%,151,41.94%,113,31.39%,142,39.44%,144,36.36%,154,41.40%,156,43.33%,208,56.83%,133,35.75%,-,-,174,48.33%,169,46.94%,197,48.28%,-,-,218,44.58%,202,42.08%,-,-,5301
5401,142,39.44%,169,46.94%,150,41.67%,112,31.11%,141,39.17%,144,36.36%,154,41.40%,155,43.06%,208,56.83%,132,35.48%,-,-,174,48.33%,167,46.39%,196,48.04%,-,-,217,44.38%,201,41.88%,-,-,5401
5501,142,39.44%,168,46.67%,149,41.39%,111,30.83%,141,39.17%,143,36.11%,153,41.13%,154,42.78%,207,56.56%,131,35.22%,-,-,173,48.06%,167,46.39%,195,47.79%,257,53.54%,216,44.17%,200,41.67%,191,40.13%,5501
5601,141,39.17%,168,46.67%,148,41.11%,111,30.83%,140,38.89%,142,35.86%,152,40.86%,154,42.78%,206,56.28%,131,35.22%,-,-,172,47.78%,166,46.11%,194,47.55%,-,-,215,43.97%,199,41.46%,-,-,5601
5701,141,39.17%,167,46.39%,148,41.11%,110,30.56%,139,38.61%,141,35.61%,152,40.86%,153,42.50%,206,56.28%,130,34.95%,-,-,172,47.78%,165,45.83%,193,47.30%,-,-,214,43.76%,198,41.25%,-,-,5701
5801,140,38.89%,166,46.11%,147,40.83%,110,30.56%,138,38.33%,141,35.61%,151,40.59%,152,42.22%,205,56.01%,130,34.95%,-,-,171,47.50%,165,45.83%,193,47.30%,-,-,214,43.76%,197,41.04%,-,-,5801
5901,139,38.61%,166,46.11%,146,40.56%,109,30.28%,137,38.06%,140,35.35%,150,40.32%,152,42.22%,205,56.01%,129,34.68%,-,-,170,47.22%,164,45.56%,192,47.06%,-,-,213,43.56%,196,40.83%,-,-,5901
6001,139,38.61%,165,45.83%,146,40.56%,108,30.00%,136,37.78%,139,35.10%,150,40.32%,151,41.94%,204,55.74%,129,34.68%,-,-,170,47.22%,164,45.56%,191,46.81%,252,52.50%,212,43.35%,196,40.83%,186,39.08%,6001
6101,138,38.33%,164,45.56%,145,40.28%,108,30.00%,136,37.78%,138,34.85%,149,40.05%,150,41.67%,204,55.74%,128,34.41%,-,-,169,46.94%,163,45.28%,190,46.57%,-,-,212,43.35%,195,40.63%,-,-,6101
6201,138,38.33%,164,45.56%,144,40.00%,108,30.00%,135,37.50%,138,34.85%,149,40.05%,150,41.67%,202,55.19%,128,34.41%,-,-,169,46.94%,162,45.00%,190,46.57%,-,-,211,43.15%,194,40.42%,-,-,6201
6301,137,38.06%,163,45.28%,144,40.00%,107,29.72%,134,37.22%,137,34.60%,148,39.78%,149,41.39%,202,55.19%,127,34.14%,-,-,168,46.67%,162,45.00%,189,46.32%,-,-,210,42.94%,193,40.21%,-,-,6301
6401,136,37.78%,163,45.28%,143,39.72%,107,29.72%,134,37.22%,136,34.34%,147,39.52%,148,41.11%,201,54.92%,127,34.14%,-,-,168,46.67%,161,44.72%,189,46.32%,-,-,209,42.74%,192,40.00%,-,-,6401
6501,136,37.78%,162,45.00%,142,39.44%,106,29.44%,133,36.94%,136,34.34%,147,39.52%,148,41.11%,200,54.64%,126,33.87%,-,-,167,46.39%,161,44.72%,188,46.08%,249,51.88%,208,42.54%,191,39.79%,182,38.24%,6501
6601,135,37.50%,161,44.72%,142,39.44%,106,29.44%,132,36.67%,135,34.09%,146,39.25%,147,40.83%,200,54.64%,126,33.87%,-,-,167,46.39%,160,44.44%,187,45.83%,-,-,208,42.54%,190,39.58%,-,-,6601
6701,134,37.22%,161,44.72%,141,39.17%,105,29.17%,132,36.67%,135,34.09%,146,39.25%,147,40.83%,199,54.37%,126,33.87%,-,-,166,46.11%,160,44.44%,186,45.59%,-,-,207,42.33%,190,39.58%,-,-,6701
6801,134,37.22%,160,44.44%,141,39.17%,104,28.89%,131,36.39%,134,33.84%,145,38.98%,146,40.56%,198,54.10%,125,33.60%,-,-,165,45.83%,159,44.17%,186,45.59%,-,-,206,42.13%,189,39.38%,-,-,6801
6901,133,36.94%,160,44.44%,140,38.89%,104,28.89%,130,36.11%,133,33.59%,145,38.98%,145,40.28%,198,54.10%,124,33.33%,-,-,165,45.83%,158,43.89%,185,45.34%,-,-,205,41.92%,188,39.17%,-,-,6901
7001,133,36.94%,159,44.17%,140,38.89%,104,28.89%,130,36.11%,133,33.59%,144,38.71%,145,40.28%,197,53.83%,124,33.33%,-,-,164,45.56%,158,43.89%,184,45.10%,245,51.04%,205,41.92%,187,38.96%,179,37.61%,7001
7101,132,36.67%,159,44.17%,139,38.61%,103,28.61%,129,35.83%,132,33.33%,144,38.71%,144,40.00%,197,53.83%,123,33.06%,-,-,164,45.56%,157,43.61%,183,44.85%,-,-,204,41.72%,187,38.96%,-,-,7101
7201,132,36.67%,158,43.89%,138,38.33%,103,28.61%,128,35.56%,132,33.33%,143,38.44%,144,40.00%,196,53.55%,123,33.06%,-,-,163,45.28%,157,43.61%,183,44.85%,-,-,203,41.51%,186,38.75%,-,-,7201
7301,131,36.39%,157,43.61%,138,38.33%,102,28.33%,128,35.56%,131,33.08%,143,38.44%,143,39.72%,196,53.55%,122,32.80%,-,-,163,45.28%,156,43.33%,182,44.61%,-,-,203,41.51%,185,38.54%,-,-,7301
7401,130,36.11%,157,43.61%,137,38.06%,102,28.33%,127,35.28%,131,33.08%,142,38.17%,143,39.72%,196,53.55%,122,32.80%,-,-,162,45.00%,156,43.33%,182,44.61%,-,-,202,41.31%,185,38.54%,-,-,7401
7501,130,36.11%,156,43.33%,137,38.06%,101,28.06%,126,35.00%,130,32.83%,142,38.17%,142,39.44%,194,53.01%,121,32.53%,184,36.51%,162,45.00%,155,43.06%,181,44.36%,242,50.42%,201,41.10%,184,38.33%,175,36.76%,7501
7601,129,35.83%,156,43.33%,136,37.78%,101,28.06%,126,35.00%,130,32.83%,141,37.90%,142,39.44%,194,53.01%,121,32.53%,-,-,161,44.72%,155,43.06%,180,44.12%,-,-,200,40.90%,183,38.13%,-,-,7601
7701,129,35.83%,155,43.06%,136,37.78%,101,28.06%,125,34.72%,129,32.58%,141,37.90%,141,39.17%,193,52.73%,120,32.26%,-,-,161,44.72%,154,42.78%,180,44.12%,-,-,200,40.90%,182,37.92%,-,-,7701
7801,128,35.56%,155,43.06%,135,37.50%,100,27.78%,124,34.44%,129,32.58%,140,37.63%,140,38.89%,193,52.73%,120,32.26%,-,-,161,44.72%,154,42.78%,179,43.87%,-,-,199,40.70%,182,37.92%,-,-,7801
7901,128,35.56%,154,42.78%,135,37.50%,100,27.78%,124,34.44%,128,32.32%,140,37.63%,140,38.89%,193,52.73%,120,32.26%,-,-,160,44.44%,153,42.50%,179,43.87%,-,-,198,40.49%,181,37.71%,172,36.13%,7901
8001,128,35.56%,154,42.78%,134,37.22%,99,27.50%,123,34.17%,127,32.07%,139,37.37%,139,38.61%,191,52.19%,119,31.99%,-,-,160,44.44%,153,42.50%,178,43.63%,239,49.79%,198,40.49%,180,37.50%,-,-,8001
8101,128,35.56%,153,42.50%,134,37.22%,99,27.50%,123,34.17%,127,32.07%,139,37.37%,139,38.61%,191,52.19%,119,31.99%,-,-,159,44.17%,152,42.22%,178,43.63%,-,-,198,40.49%,180,37.50%,-,-,8101
8201,127,35.28%,153,42.50%,133,36.94%,98,27.22%,122,33.89%,127,32.07%,139,37.37%,138,38.33%,190,51.91%,118,31.72%,-,-,159,44.17%,152,42.22%,178,43.63%,-,-,197,40.29%,179,37.29%,-,-,8201
8301,127,35.28%,152,42.22%,133,36.94%,98,27.22%,122,33.89%,126,31.82%,138,37.10%,138,38.33%,190,51.91%,118,31.72%,-,-,158,43.89%,152,42.22%,177,43.38%,-,-,197,40.29%,178,37.08%,-,-,8301
8401,126,35.00%,152,42.22%,132,36.67%,98,27.22%,121,33.61%,125,31.57%,138,37.10%,137,38.06%,189,51.64%,117,31.45%,-,-,158,43.89%,152,42.22%,177,43.38%,-,-,196,40.08%,177,36.88%,-,-,8401
8501,125,34.72%,152,42.22%,132,36.67%,97,26.94%,121,33.61%,125,31.57%,137,36.83%,137,38.06%,189,51.64%,117,31.45%,-,-,157,43.61%,151,41.94%,176,43.14%,-,-,195,39.88%,177,36.88%,-,-,8501
8601,125,34.72%,151,41.94%,131,36.39%,97,26.94%,120,33.33%,124,31.31%,137,36.83%,136,37.78%,188,51.37%,117,31.45%,-,-,157,43.61%,150,41.67%,176,43.14%,-,-,194,39.67%,176,36.67%,-,-,8601
8701,125,34.72%,151,41.94%,131,36.39%,96,26.67%,119,33.06%,124,31.31%,137,36.83%,136,37.78%,188,51.37%,116,31.18%,-,-,156,43.33%,150,41.67%,175,42.89%,-,-,194,39.67%,175,36.46%,-,-,8701
8801,125,34.72%,150,41.67%,130,36.11%,96,26.67%,119,33.06%,123,31.06%,136,36.56%,135,37.50%,187,51.09%,116,31.18%,-,-,156,43.33%,149,41.39%,175,42.89%,-,-,193,39.47%,175,36.46%,-,-,8801
8901,124,34.44%,150,41.67%,130,36.11%,96,26.67%,118,32.78%,123,31.06%,136,36.56%,135,37.50%,187,51.09%,115,30.91%,-,-,156,43.33%,149,41.39%,174,42.65%,-,-,193,39.47%,174,36.25%,-,-,8901
9001,123,34.17%,149,41.39%,130,36.11%,95,26.39%,118,32.78%,122,30.81%,135,36.29%,135,37.50%,186,50.82%,115,30.91%,-,-,155,43.06%,148,41.11%,173,42.40%,-,-,192,39.26%,174,36.25%,-,-,9001
9101,123,34.17%,149,41.39%,129,35.83%,95,26.39%,117,32.50%,122,30.81%,135,36.29%,134,37.22%,186,50.82%,115,30.91%,-,-,155,43.06%,148,41.11%,173,42.40%,-,-,192,39.26%,173,36.04%,-,-,9101
9201,123,34.17%,149,41.39%,129,35.83%,95,26.39%,117,32.50%,121,30.56%,134,36.02%,134,37.22%,185,50.55%,115,30.91%,-,-,154,42.78%,147,40.83%,172,42.16%,-,-,192,39.26%,172,35.83%,-,-,9201
9301,122,33.89%,148,41.11%,128,35.56%,94,26.11%,116,32.22%,121,30.56%,134,36.02%,133,36.94%,185,50.55%,114,30.65%,-,-,154,42.78%,147,40.83%,172,42.16%,-,-,191,39.06%,172,35.83%,-,-,9301
9401,122,33.89%,148,41.11%,128,35.56%,94,26.11%,116,32.22%,120,30.30%,133,35.75%,133,36.94%,184,50.27%,114,30.65%,-,-,154,42.78%,146,40.56%,171,41.91%,-,-,191,39.06%,171,35.63%,-,-,9401
9501,122,33.89%,147,40.83%,127,35.28%,94,26.11%,115,31.94%,120,30.30%,133,35.75%,132,36.67%,184,50.27%,113,30.38%,-,-,153,42.50%,146,40.56%,170,41.67%,-,-,190,38.85%,171,35.63%,-,-,9501
9601,121,33.61%,147,40.83%,127,35.28%,93,25.83%,115,31.94%,119,30.05%,133,35.75%,132,36.67%,184,50.27%,113,30.38%,-,-,153,42.50%,146,40.56%,170,41.67%,-,-,-,-,170,35.42%,-,-,9601
9701,121,33.61%,147,40.83%,127,35.28%,93,25.83%,114,31.67%,119,30.05%,132,35.48%,131,36.39%,183,50.00%,113,30.38%,-,-,152,42.22%,145,40.28%,170,41.67%,-,-,-,-,169,35.21%,-,-,9701
9801,121,33.61%,146,40.56%,126,35.00%,93,25.83%,114,31.67%,119,30.05%,132,35.48%,131,36.39%,183,50.00%,112,30.11%,-,-,152,42.22%,145,40.28%,169,41.42%,-,-,-,-,168,35.00%,-,-,9801
9901,120,33.33%,146,40.56%,126,35.00%,92,25.56%,113,31.39%,118,29.80%,132,35.48%,131,36.39%,182,49.73%,112,30.11%,-,-,152,42.22%,144,40.00%,169,41.42%,-,-,-,-,168,35.00%,-,-,9901
10001,120,33.33%,146,40.56%,125,34.72%,92,25.56%,113,31.39%,118,29.80%,131,35.22%,130,36.11%,182,49.73%,111,29.84%,168,33.33%,151,41.94%,144,40.00%,168,41.18%,-,-,-,-,167,34.79%,-,-,10001
10101,119,33.06%,145,40.28%,125,34.72%,91,25.28%,112,31.11%,117,29.55%,131,35.22%,130,36.11%,181,49.45%,111,29.84%,-,-,151,41.94%,144,40.00%,168,41.18%,-,-,-,-,-,-,-,-,10101
10201,119,33.06%,145,40.28%,124,34.44%,91,25.28%,112,31.11%,117,29.55%,131,35.22%,129,35.83%,181,49.45%,111,29.84%,-,-,151,41.94%,143,39.72%,168,41.18%,-,-,-,-,-,-,-,-,10201
10301,119,33.06%,144,40.00%,124,34.44%,91,25.28%,112,31.11%,117,29.55%,130,34.95%,129,35.83%,181,49.45%,110,29.57%,-,-,150,41.67%,143,39.72%,167,40.93%,-,-,-,-,-,-,-,-,10301
10401,118,32.78%,144,40.00%,124,34.44%,91,25.28%,111,30.83%,116,29.29%,130,34.95%,129,35.83%,180,49.18%,110,29.57%,-,-,150,41.67%,143,39.72%,167,40.93%,-,-,-,-,-,-,-,-,10401
10501,118,32.78%,144,40.00%,123,34.17%,90,25.00%,111,30.83%,116,29.29%,129,34.68%,128,35.56%,180,49.18%,110,29.57%,-,-,150,41.67%,142,39.44%,166,40.69%,-,-,-,-,-,-,-,-,10501
10601,117,32.50%,143,39.72%,123,34.17%,90,25.00%,110,30.56%,116,29.29%,129,34.68%,128,35.56%,179,48.91%,109,29.30%,-,-,149,41.39%,142,39.44%,165,40.44%,-,-,-,-,-,-,-,-,10601
10701,117,32.50%,143,39.72%,122,33.89%,90,25.00%,110,30.56%,115,29.04%,129,34.68%,127,35.28%,179,48.91%,109,29.30%,-,-,149,41.39%,142,39.44%,165,40.44%,-,-,-,-,-,-,-,-,10701
10801,117,32.50%,142,39.44%,122,33.89%,89,24.72%,109,30.28%,115,29.04%,128,34.41%,127,35.28%,178,48.63%,109,29.30%,-,-,148,41.11%,142,39.44%,164,40.20%,-,-,-,-,-,-,-,-,10801
10901,117,32.50%,142,39.44%,122,33.89%,89,24.72%,109,30.28%,114,28.79%,128,34.41%,127,35.28%,178,48.63%,108,29.03%,-,-,148,41.11%,141,39.17%,164,40.20%,-,-,-,-,-,-,-,-,10901
11001,116,32.22%,142,39.44%,121,33.61%,89,24.72%,109,30.28%,114,28.79%,128,34.41%,126,35.00%,177,48.36%,108,29.03%,-,-,148,41.11%,140,38.89%,164,40.20%,-,-,-,-,-,-,-,-,11001
11101,116,32.22%,141,39.17%,121,33.61%,88,24.44%,108,30.00%,114,28.79%,127,34.14%,126,35.00%,177,48.36%,108,29.03%,-,-,147,40.83%,140,38.89%,163,39.95%,-,-,-,-,-,-,-,-,11101
11201,115,31.94%,141,39.17%,121,33.61%,88,24.44%,108,30.00%,113,28.54%,127,34.14%,126,35.00%,177,48.36%,107,28.76%,-,-,147,40.83%,140,38.89%,163,39.95%,-,-,-,-,-,-,-,-,11201
11301,115,31.94%,141,39.17%,120,33.33%,88,24.44%,107,29.72%,113,28.54%,127,34.14%,125,34.72%,176,48.09%,107,28.76%,-,-,147,40.83%,139,38.61%,162,39.71%,-,-,-,-,-,-,-,-,11301
11401,115,31.94%,140,38.89%,120,33.33%,87,24.17%,107,29.72%,112,28.28%,126,33.87%,125,34.72%,176,48.09%,107,28.76%,-,-,146,40.56%,139,38.61%,162,39.71%,-,-,-,-,-,-,-,-,11401
11501,115,31.94%,140,38.89%,119,33.06%,87,24.17%,107,29.72%,112,28.28%,126,33.87%,124,34.44%,175,47.81%,107,28.76%,-,-,146,40.56%,139,38.61%,162,39.71%,-,-,-,-,-,-,-,-,11501
11601,114,31.67%,140,38.89%,119,33.06%,87,24.17%,106,29.44%,112,28.28%,126,33.87%,124,34.44%,175,47.81%,106,28.49%,-,-,146,40.56%,138,38.33%,161,39.46%,-,-,-,-,-,-,-,-,11601
11701,114,31.67%,139,38.61%,119,33.06%,87,24.17%,106,29.44%,111,28.03%,125,33.60%,124,34.44%,175,47.81%,106,28.49%,-,-,145,40.28%,138,38.33%,160,39.22%,-,-,-,-,-,-,-,-,11701
11801,114,31.67%,139,38.61%,118,32.78%,86,23.89%,105,29.17%,111,28.03%,125,33.60%,123,34.17%,174,47.54%,106,28.49%,-,-,145,40.28%,138,38.33%,160,39.22%,-,-,-,-,-,-,-,-,11801
11901,113,31.39%,139,38.61%,118,32.78%,86,23.89%,105,29.17%,111,28.03%,125,33.60%,123,34.17%,174,47.54%,105,28.23%,-,-,145,40.28%,138,38.33%,160,39.22%,-,-,-,-,-,-,-,-,11901
12001,113,31.39%,138,38.33%,118,32.78%,86,23.89%,105,29.17%,110,27.78%,124,33.33%,123,34.17%,174,47.54%,105,28.23%,-,-,144,40.00%,137,38.06%,159,38.97%,-,-,-,-,-,-,-,-,12001
12101,113,31.39%,138,38.33%,117,32.50%,85,23.61%,104,28.89%,110,27.78%,124,33.33%,122,33.89%,173,47.27%,105,28.23%,-,-,144,40.00%,137,38.06%,159,38.97%,-,-,-,-,-,-,-,-,12101
12201,112,31.11%,138,38.33%,117,32.50%,85,23.61%,104,28.89%,109,27.53%,123,33.06%,122,33.89%,173,47.27%,104,27.96%,-,-,144,40.00%,136,37.78%,159,38.97%,-,-,-,-,-,-,-,-,12201
12301,112,31.11%,137,38.06%,117,32.50%,85,23.61%,104,28.89%,109,27.53%,123,33.06%,122,33.89%,172,46.99%,104,27.96%,-,-,143,39.72%,136,37.78%,158,38.73%,-,-,-,-,-,-,-,-,12301
12401,111,30.83%,137,38.06%,116,32.22%,85,23.61%,103,28.61%,109,27.53%,123,33.06%,121,33.61%,172,46.99%,104,27.96%,-,-,143,39.72%,136,37.78%,158,38.73%,-,-,-,-,-,-,-,-,12401
12501,111,30.83%,137,38.06%,116,32.22%,84,23.33%,103,28.61%,109,27.53%,123,33.06%,121,33.61%,172,46.99%,104,27.96%,-,-,143,39.72%,135,37.50%,158,38.73%,-,-,-,-,-,-,-,-,12501
12601,111,30.83%,136,37.78%,116,32.22%,84,23.33%,103,28.61%,108,27.27%,122,32.80%,121,33.61%,171,46.72%,104,27.96%,-,-,142,39.44%,135,37.50%,157,38.48%,-,-,-,-,-,-,-,-,12601
12701,110,30.56%,136,37.78%,115,31.94%,84,23.33%,102,28.33%,108,27.27%,122,32.80%,120,33.33%,171,46.72%,104,27.96%,-,-,142,39.44%,135,37.50%,157,38.48%,-,-,-,-,-,-,-,-,12701
12801,110,30.56%,136,37.78%,115,31.94%,83,23.06%,102,28.33%,108,27.27%,122,32.80%,120,33.33%,171,46.72%,103,27.69%,-,-,142,39.44%,134,37.22%,157,38.48%,-,-,-,-,-,-,-,-,12801
12901,110,30.56%,136,37.78%,115,31.94%,83,23.06%,101,28.06%,107,27.02%,121,32.53%,120,33.33%,170,46.45%,102,27.42%,-,-,142,39.44%,134,37.22%,156,38.24%,-,-,-,-,-,-,-,-,12901
13001,110,30.56%,135,37.50%,114,31.67%,83,23.06%,101,28.06%,107,27.02%,121,32.53%,119,33.06%,170,46.45%,102,27.42%,-,-,141,39.17%,134,37.22%,156,38.24%,-,-,-,-,-,-,-,-,13001
13101,110,30.56%,135,37.50%,114,31.67%,83,23.06%,101,28.06%,107,27.02%,121,32.53%,119,33.06%,170,46.45%,102,27.42%,-,-,141,39.17%,134,37.22%,155,37.99%,-,-,-,-,-,-,-,-,13101
13201,110,30.56%,135,37.50%,114,31.67%,82,22.78%,100,27.78%,106,26.77%,120,32.26%,119,33.06%,169,46.17%,102,27.42%,-,-,141,39.17%,134,37.22%,155,37.99%,-,-,-,-,-,-,-,-,13201
13301,109,30.28%,134,37.22%,114,31.67%,82,22.78%,100,27.78%,106,26.77%,120,32.26%,118,32.78%,169,46.17%,101,27.15%,-,-,140,38.89%,133,36.94%,154,37.75%,-,-,-,-,-,-,-,-,13301
13401,109,30.28%,134,37.22%,113,31.39%,82,22.78%,100,27.78%,106,26.77%,120,32.26%,118,32.78%,169,46.17%,101,27.15%,-,-,140,38.89%,133,36.94%,154,37.75%,-,-,-,-,-,-,-,-,13401
13501,109,30.28%,134,37.22%,113,31.39%,82,22.78%,99,27.50%,105,26.52%,120,32.26%,118,32.78%,168,45.90%,101,27.15%,-,-,140,38.89%,132,36.67%,154,37.75%,-,-,-,-,-,-,-,-,13501
13601,108,30.00%,134,37.22%,113,31.39%,81,22.50%,99,27.50%,105,26.52%,119,31.99%,117,32.50%,168,45.90%,101,27.15%,-,-,140,38.89%,132,36.67%,154,37.75%,-,-,-,-,-,-,-,-,13601
13701,108,30.00%,133,36.94%,112,31.11%,81,22.50%,99,27.50%,105,26.52%,119,31.99%,117,32.50%,167,45.63%,100,26.88%,-,-,139,38.61%,132,36.67%,153,37.50%,-,-,-,-,-,-,-,-,13701
13801,108,30.00%,133,36.94%,112,31.11%,81,22.50%,98,27.22%,104,26.26%,119,31.99%,117,32.50%,167,45.63%,100,26.88%,-,-,139,38.61%,132,36.67%,153,37.50%,-,-,-,-,-,-,-,-,13801
13901,108,30.00%,133,36.94%,112,31.11%,81,22.50%,98,27.22%,104,26.26%,118,31.72%,116,32.22%,167,45.63%,100,26.88%,-,-,139,38.61%,131,36.39%,152,37.25%,-,-,-,-,-,-,-,-,13901
14001,107,29.72%,132,36.67%,111,30.83%,80,22.22%,98,27.22%,104,26.26%,118,31.72%,116,32.22%,166,45.36%,99,26.61%,-,-,138,38.33%,131,36.39%,152,37.25%,-,-,-,-,-,-,-,-,14001
14101,107,29.72%,132,36.67%,111,30.83%,80,22.22%,97,26.94%,103,26.01%,118,31.72%,116,32.22%,166,45.36%,99,26.61%,-,-,138,38.33%,131,36.39%,152,37.25%,-,-,-,-,-,-,-,-,14101
14201,107,29.72%,132,36.67%,111,30.83%,80,22.22%,97,26.94%,103,26.01%,117,31.45%,115,31.94%,166,45.36%,99,26.61%,-,-,138,38.33%,130,36.11%,152,37.25%,-,-,-,-,-,-,-,-,14201
14301,106,29.44%,132,36.67%,111,30.83%,80,22.22%,97,26.94%,103,26.01%,117,31.45%,115,31.94%,165,45.08%,99,26.61%,-,-,138,38.33%,130,36.11%,151,37.01%,-,-,-,-,-,-,-,-,14301
14401,106,29.44%,131,36.39%,110,30.56%,79,21.94%,96,26.67%,103,26.01%,117,31.45%,115,31.94%,165,45.08%,98,26.34%,-,-,137,38.06%,130,36.11%,151,37.01%,-,-,-,-,-,-,-,-,14401
14501,106,29.44%,131,36.39%,110,30.56%,79,21.94%,96,26.67%,102,25.76%,117,31.45%,115,31.94%,165,45.08%,98,26.34%,-,-,137,38.06%,130,36.11%,151,37.01%,-,-,-,-,-,-,-,-,14501
14601,105,29.17%,131,36.39%,110,30.56%,79,21.94%,96,26.67%,102,25.76%,116,31.18%,114,31.67%,164,44.81%,98,26.34%,-,-,137,38.06%,129,35.83%,150,36.76%,-,-,-,-,-,-,-,-,14601
14701,105,29.17%,131,36.39%,110,30.56%,79,21.94%,95,26.39%,102,25.76%,116,31.18%,114,31.67%,164,44.81%,98,26.34%,-,-,137,38.06%,129,35.83%,150,36.76%,-,-,-,-,-,-,-,-,14701
14801,105,29.17%,130,36.11%,109,30.28%,79,21.94%,95,26.39%,101,25.51%,116,31.18%,114,31.67%,164,44.81%,97,26.08%,-,-,136,37.78%,129,35.83%,150,36.76%,-,-,-,-,-,-,-,-,14801
14901,104,28.89%,130,36.11%,109,30.28%,78,21.67%,95,26.39%,101,25.51%,116,31.18%,113,31.39%,163,44.54%,97,26.08%,-,-,136,37.78%,128,35.56%,149,36.52%,-,-,-,-,-,-,-,-,14901
15001,104,28.89%,130,36.11%,109,30.28%,78,21.67%,94,26.11%,101,25.51%,115,30.91%,113,31.39%,163,44.54%,97,26.08%,-,-,136,37.78%,128,35.56%,149,36.52%,-,-,-,-,-,-,-,-,15001
15101,104,28.89%,130,36.11%,108,30.00%,78,21.67%,94,26.11%,101,25.51%,115,30.91%,113,31.39%,163,44.54%,97,26.08%,-,-,136,37.78%,128,35.56%,149,36.52%,-,-,-,-,-,-,-,-,15101
15201,104,28.89%,129,35.83%,108,30.00%,78,21.67%,94,26.11%,100,25.25%,115,30.91%,113,31.39%,163,44.54%,96,25.81%,-,-,135,37.50%,128,35.56%,148,36.27%,-,-,-,-,-,-,-,-,15201
15301,104,28.89%,129,35.83%,108,30.00%,77,21.39%,94,26.11%,100,25.25%,114,30.65%,112,31.11%,162,44.26%,96,25.81%,-,-,135,37.50%,127,35.28%,148,36.27%,-,-,-,-,-,-,-,-,15301
15401,104,28.89%,129,35.83%,108,30.00%,77,21.39%,93,25.83%,100,25.25%,114,30.65%,112,31.11%,162,44.26%,96,25.81%,-,-,135,37.50%,127,35.28%,148,36.27%,-,-,-,-,-,-,-,-,15401
15501,103,28.61%,129,35.83%,107,29.72%,77,21.39%,93,25.83%,99,25.00%,114,30.65%,112,31.11%,162,44.26%,96,25.81%,-,-,135,37.50%,127,35.28%,147,36.03%,-,-,-,-,-,-,-,-,15501
15601,103,28.61%,128,35.56%,107,29.72%,77,21.39%,93,25.83%,99,25.00%,114,30.65%,111,30.83%,161,43.99%,95,25.54%,-,-,134,37.22%,126,35.00%,147,36.03%,-,-,-,-,-,-,-,-,15601
15701,103,28.61%,128,35.56%,107,29.72%,76,21.11%,92,25.56%,99,25.00%,113,30.38%,111,30.83%,161,43.99%,95,25.54%,-,-,134,37.22%,126,35.00%,147,36.03%,-,-,-,-,-,-,-,-,15701
15801,102,28.33%,128,35.56%,107,29.72%,76,21.11%,92,25.56%,99,25.00%,113,30.38%,111,30.83%,161,43.99%,95,25.54%,-,-,134,37.22%,126,35.00%,146,35.78%,-,-,-,-,-,-,-,-,15801
15901,102,28.33%,128,35.56%,106,29.44%,76,21.11%,92,25.56%,98,24.75%,113,30.38%,110,30.56%,160,43.72%,95,25.54%,-,-,134,37.22%,126,35.00%,146,35.78%,-,-,-,-,-,-,-,-,15901
16001,102,28.33%,128,35.56%,106,29.44%,76,21.11%,91,25.28%,98,24.75%,113,30.38%,110,30.56%,160,43.72%,95,25.54%,-,-,133,36.94%,125,34.72%,146,35.78%,-,-,-,-,-,-,-,-,16001
16101,101,28.06%,127,35.28%,106,29.44%,75,20.83%,91,25.28%,98,24.75%,112,30.11%,110,30.56%,160,43.72%,94,25.27%,-,-,133,36.94%,-,-,145,35.54%,-,-,-,-,-,-,-,-,16101
16201,101,28.06%,127,35.28%,106,29.44%,75,20.83%,91,25.28%,97,24.49%,112,30.11%,110,30.56%,159,43.44%,94,25.27%,-,-,133,36.94%,-,-,145,35.54%,-,-,-,-,-,-,-,-,16201
16301,101,28.06%,127,35.28%,105,29.17%,75,20.83%,91,25.28%,97,24.49%,112,30.11%,109,30.28%,159,43.44%,94,25.27%,-,-,133,36.94%,-,-,145,35.54%,-,-,-,-,-,-,-,-,16301
16401,101,28.06%,127,35.28%,105,29.17%,75,20.83%,90,25.00%,97,24.49%,112,30.11%,109,30.28%,159,43.44%,93,25.00%,-,-,132,36.67%,-,-,145,35.54%,-,-,-,-,-,-,-,-,16401
16501,101,28.06%,126,35.00%,105,29.17%,75,20.83%,90,25.00%,97,24.49%,111,29.84%,109,30.28%,159,43.44%,93,25.00%,-,-,132,36.67%,-,-,144,35.29%,-,-,-,-,-,-,-,-,16501
16601,100,27.78%,126,35.00%,105,29.17%,74,20.56%,90,25.00%,96,24.24%,111,29.84%,109,30.28%,158,43.17%,93,25.00%,-,-,132,36.67%,-,-,144,35.29%,-,-,-,-,-,-,-,-,16601
16701,100,27.78%,126,35.00%,104,28.89%,74,20.56%,89,24.72%,96,24.24%,111,29.84%,108,30.00%,158,43.17%,93,25.00%,-,-,132,36.67%,-,-,144,35.29%,-,-,-,-,-,-,-,-,16701
16801,100,27.78%,126,35.00%,104,28.89%,74,20.56%,89,24.72%,96,24.24%,110,29.57%,108,30.00%,158,43.17%,92,24.73%,-,-,131,36.39%,-,-,143,35.05%,-,-,-,-,-,-,-,-,16801
16901,100,27.78%,125,34.72%,104,28.89%,74,20.56%,89,24.72%,96,24.24%,110,29.57%,108,30.00%,157,42.90%,92,24.73%,-,-,131,36.39%,-,-,143,35.05%,-,-,-,-,-,-,-,-,16901
17001,100,27.78%,125,34.72%,104,28.89%,74,20.56%,89,24.72%,95,23.99%,110,29.57%,107,29.72%,157,42.90%,92,24.73%,-,-,131,36.39%,-,-,143,35.05%,-,-,-,-,-,-,-,-,17001
17101,100,27.78%,125,34.72%,104,28.89%,73,20.28%,88,24.44%,95,23.99%,110,29.57%,107,29.72%,157,42.90%,92,24.73%,-,-,131,36.39%,-,-,143,35.05%,-,-,-,-,-,-,-,-,17101
17201,99,27.50%,125,34.72%,103,28.61%,73,20.28%,88,24.44%,95,23.99%,110,29.57%,107,29.72%,157,42.90%,92,24.73%,-,-,131,36.39%,-,-,142,34.80%,-,-,-,-,-,-,-,-,17201
17301,99,27.50%,125,34.72%,103,28.61%,73,20.28%,88,24.44%,95,23.99%,109,29.30%,107,29.72%,156,42.62%,91,24.46%,-,-,130,36.11%,-,-,142,34.80%,-,-,-,-,-,-,-,-,17301
17401,99,27.50%,124,34.44%,103,28.61%,73,20.28%,88,24.44%,94,23.74%,109,29.30%,106,29.44%,156,42.62%,91,24.46%,-,-,130,36.11%,-,-,142,34.80%,-,-,-,-,-,-,-,-,17401
17501,98,27.22%,124,34.44%,103,28.61%,73,20.28%,87,24.17%,94,23.74%,109,29.30%,106,29.44%,156,42.62%,91,24.46%,-,-,130,36.11%,-,-,141,34.56%,-,-,-,-,-,-,-,-,17501
17601,98,27.22%,124,34.44%,102,28.33%,72,20.00%,87,24.17%,94,23.74%,109,29.30%,106,29.44%,155,42.35%,91,24.46%,-,-,130,36.11%,-,-,141,34.56%,-,-,-,-,-,-,-,-,17601
17701,98,27.22%,124,34.44%,102,28.33%,72,20.00%,87,24.17%,94,23.74%,108,29.03%,105,29.17%,155,42.35%,90,24.19%,-,-,129,35.83%,-,-,141,34.56%,-,-,-,-,-,-,-,-,17701
17801,98,27.22%,123,34.17%,102,28.33%,72,20.00%,87,24.17%,93,23.48%,108,29.03%,105,29.17%,155,42.35%,90,24.19%,-,-,129,35.83%,-,-,141,34.56%,-,-,-,-,-,-,-,-,17801
17901,97,26.94%,123,34.17%,102,28.33%,72,20.00%,86,23.89%,93,23.48%,108,29.03%,105,29.17%,155,42.35%,90,24.19%,-,-,129,35.83%,-,-,140,34.31%,-,-,-,-,-,-,-,-,17901
18001,97,26.94%,123,34.17%,101,28.06%,72,20.00%,86,23.89%,93,23.48%,108,29.03%,105,29.17%,154,42.08%,90,24.19%,-,-,129,35.83%,-,-,140,34.31%,-,-,-,-,-,-,-,-,18001
18101,97,26.94%,123,34.17%,101,28.06%,71,19.72%,86,23.89%,93,23.48%,107,28.76%,104,28.89%,154,42.08%,90,24.19%,-,-,128,35.56%,-,-,140,34.31%,-,-,-,-,-,-,-,-,18101
18201,97,26.94%,123,34.17%,101,28.06%,71,19.72%,85,23.61%,92,23.23%,107,28.76%,104,28.89%,154,42.08%,89,23.92%,-,-,128,35.56%,-,-,139,34.07%,-,-,-,-,-,-,-,-,18201
18301,97,26.94%,122,33.89%,101,28.06%,71,19.72%,85,23.61%,92,23.23%,107,28.76%,104,28.89%,154,42.08%,89,23.92%,-,-,128,35.56%,-,-,139,34.07%,-,-,-,-,-,-,-,-,18301
18401,97,26.94%,122,33.89%,100,27.78%,71,19.72%,85,23.61%,92,23.23%,107,28.76%,104,28.89%,154,42.08%,89,23.92%,-,-,128,35.56%,-,-,139,34.07%,-,-,-,-,-,-,-,-,18401
18501,97,26.94%,122,33.89%,100,27.78%,71,19.72%,85,23.61%,92,23.23%,106,28.49%,103,28.61%,153,41.80%,89,23.92%,-,-,128,35.56%,-,-,138,33.82%,-,-,-,-,-,-,-,-,18501
18601,96,26.67%,122,33.89%,100,27.78%,71,19.72%,85,23.61%,91,22.98%,106,28.49%,103,28.61%,153,41.80%,88,23.66%,-,-,127,35.28%,-,-,-,-,-,-,-,-,-,-,-,-,18601
18701,96,26.67%,122,33.89%,100,27.78%,70,19.44%,84,23.33%,91,22.98%,106,28.49%,103,28.61%,152,41.53%,88,23.66%,-,-,127,35.28%,-,-,-,-,-,-,-,-,-,-,-,-,18701
18801,96,26.67%,121,33.61%,100,27.78%,70,19.44%,84,23.33%,91,22.98%,106,28.49%,102,28.33%,152,41.53%,88,23.66%,-,-,127,35.28%,-,-,-,-,-,-,-,-,-,-,-,-,18801
18901,96,26.67%,121,33.61%,99,27.50%,70,19.44%,84,23.33%,91,22.98%,106,28.49%,102,28.33%,152,41.53%,88,23.66%,-,-,127,35.28%,-,-,-,-,-,-,-,-,-,-,-,-,18901
19001,96,26.67%,121,33.61%,99,27.50%,70,19.44%,83,23.06%,91,22.98%,105,28.23%,102,28.33%,152,41.53%,88,23.66%,-,-,126,35.00%,-,-,-,-,-,-,-,-,-,-,-,-,19001
19101,96,26.67%,121,33.61%,99,27.50%,70,19.44%,83,23.06%,90,22.73%,105,28.23%,102,28.33%,151,41.26%,87,23.39%,-,-,126,35.00%,-,-,-,-,-,-,-,-,-,-,-,-,19101
19201,95,26.39%,121,33.61%,99,27.50%,69,19.17%,83,23.06%,90,22.73%,105,28.23%,101,28.06%,151,41.26%,87,23.39%,-,-,126,35.00%,-,-,-,-,-,-,-,-,-,-,-,-,19201
19301,95,26.39%,120,33.33%,99,27.50%,69,19.17%,83,23.06%,90,22.73%,105,28.23%,101,28.06%,151,41.26%,87,23.39%,-,-,126,35.00%,-,-,-,-,-,-,-,-,-,-,-,-,19301
19401,95,26.39%,120,33.33%,98,27.22%,69,19.17%,83,23.06%,90,22.73%,104,27.96%,101,28.06%,151,41.26%,87,23.39%,-,-,126,35.00%,-,-,-,-,-,-,-,-,-,-,-,-,19401
19501,95,26.39%,120,33.33%,98,27.22%,69,19.17%,82,22.78%,89,22.47%,104,27.96%,101,28.06%,150,40.98%,86,23.12%,-,-,125,34.72%,-,-,-,-,-,-,-,-,-,-,-,-,19501
19601,94,26.11%,120,33.33%,98,27.22%,69,19.17%,82,22.78%,89,22.47%,104,27.96%,101,28.06%,150,40.98%,86,23.12%,-,-,-,-,-,-,-,-,-,-,-,-,-,-,-,-,19601
19701,94,26.11%,120,33.33%,98,27.22%,68,18.89%,82,22.78%,89,22.47%,104,27.96%,100,27.78%,150,40.98%,86,23.12%,-,-,-,-,-,-,-,-,-,-,-,-,-,-,-,-,19701
19801,94,26.11%,119,33.06%,97,26.94%,68,18.89%,82,22.78%,89,22.47%,104,27.96%,100,27.78%,150,40.98%,86,23.12%,-,-,-,-,-,-,-,-,-,-,-,-,-,-,-,-,19801
19901,94,26.11%,119,33.06%,97,26.94%,68,18.89%,81,22.50%,89,22.47%,103,27.69%,100,27.78%,149,40.71%,86,23.12%,-,-,-,-,-,-,-,-,-,-,-,-,-,-,-,-,19901
20001,94,26.11%,119,33.06%,97,26.94%,68,18.89%,81,22.50%,88,22.22%,103,27.69%,99,27.50%,149,40.71%,86,23.12%,-,-,-,-,-,-,-,-,-,-,-,-,-,-,-,-,20001
20101,94,26.11%,119,33.06%,97,26.94%,68,18.89%,81,22.50%,88,22.22%,103,27.69%,99,27.50%,149,40.71%,85,22.85%,-,-,-,-,-,-,-,-,-,-,-,-,-,-,-,-,20101
20201,94,26.11%,118,32.78%,97,26.94%,68,18.89%,81,22.50%,88,22.22%,103,27.69%,99,27.50%,149,40.71%,85,22.85%,-,-,-,-,-,-,-,-,-,-,-,-,-,-,-,-,20201
20301,93,25.83%,118,32.78%,96,26.67%,67,18.61%,81,22.50%,88,22.22%,102,27.42%,99,27.50%,148,40.44%,85,22.85%,-,-,-,-,-,-,-,-,-,-,-,-,-,-,-,-,20301
20401,93,25.83%,118,32.78%,96,26.67%,67,18.61%,80,22.22%,87,21.97%,102,27.42%,98,27.22%,148,40.44%,85,22.85%,-,-,-,-,-,-,-,-,-,-,-,-,-,-,-,-,20401
20501,93,25.83%,118,32.78%,96,26.67%,67,18.61%,80,22.22%,87,21.97%,102,27.42%,98,27.22%,148,40.44%,85,22.85%,-,-,-,-,-,-,-,-,-,-,-,-,-,-,-,-,20501
20601,93,25.83%,118,32.78%,96,26.67%,67,18.61%,80,22.22%,87,21.97%,102,27.42%,98,27.22%,148,40.44%,84,22.58%,-,-,-,-,-,-,-,-,-,-,-,-,-,-,-,-,20601
20701,93,25.83%,118,32.78%,95,26.39%,67,18.61%,80,22.22%,87,21.97%,102,27.42%,98,27.22%,147,40.16%,84,22.58%,-,-,-,-,-,-,-,-,-,-,-,-,-,-,-,-,20701
20801,93,25.83%,117,32.50%,95,26.39%,67,18.61%,79,21.94%,87,21.97%,101,27.15%,98,27.22%,147,40.16%,84,22.58%,-,-,-,-,-,-,-,-,-,-,-,-,-,-,-,-,20801
20901,92,25.56%,117,32.50%,95,26.39%,66,18.33%,79,21.94%,86,21.72%,101,27.15%,97,26.94%,147,40.16%,84,22.58%,-,-,-,-,-,-,-,-,-,-,-,-,-,-,-,-,20901
21001,92,25.56%,117,32.50%,95,26.39%,66,18.33%,79,21.94%,86,21.72%,101,27.15%,97,26.94%,147,40.16%,84,22.58%,-,-,-,-,-,-,-,-,-,-,-,-,-,-,-,-,21001
21101,92,25.56%,117,32.50%,95,26.39%,66,18.33%,79,21.94%,86,21.72%,101,27.15%,97,26.94%,147,40.16%,83,22.31%,123,24.40%,-,-,-,-,-,-,-,-,-,-,-,-,-,-,21101
21201,92,25.56%,117,32.50%,94,26.11%,66,18.33%,78,21.67%,86,21.72%,100,26.88%,97,26.94%,146,39.89%,83,22.31%,122,24.21%,-,-,-,-,-,-,-,-,-,-,-,-,-,-,21201
21301,92,25.56%,116,32.22%,94,26.11%,66,18.33%,78,21.67%,86,21.72%,100,26.88%,96,26.67%,146,39.89%,83,22.31%,-,-,-,-,-,-,-,-,-,-,-,-,-,-,-,-,21301
21401,91,25.28%,116,32.22%,94,26.11%,65,18.06%,78,21.67%,85,21.46%,100,26.88%,96,26.67%,146,39.89%,83,22.31%,-,-,-,-,-,-,-,-,-,-,-,-,-,-,-,-,21401
21501,91,25.28%,116,32.22%,94,26.11%,65,18.06%,78,21.67%,85,21.46%,100,26.88%,96,26.67%,146,39.89%,82,22.04%,-,-,-,-,-,-,-,-,-,-,-,-,-,-,-,-,21501
21601,91,25.28%,116,32.22%,94,26.11%,65,18.06%,78,21.67%,85,21.46%,99,26.61%,96,26.67%,145,39.62%,82,22.04%,-,-,-,-,-,-,-,-,-,-,-,-,-,-,-,-,21601
21701,91,25.28%,116,32.22%,93,25.83%,65,18.06%,77,21.39%,85,21.46%,99,26.61%,95,26.39%,145,39.62%,82,22.04%,-,-,-,-,-,-,-,-,-,-,-,-,-,-,-,-,21701
21801,90,25.00%,115,31.94%,93,25.83%,65,18.06%,77,21.39%,85,21.46%,99,26.61%,95,26.39%,145,39.62%,82,22.04%,-,-,-,-,-,-,-,-,-,-,-,-,-,-,-,-,21801
21901,90,25.00%,115,31.94%,93,25.83%,65,18.06%,77,21.39%,84,21.21%,99,26.61%,95,26.39%,145,39.62%,82,22.04%,-,-,-,-,-,-,-,-,-,-,-,-,-,-,-,-,21901
22001,90,25.00%,115,31.94%,93,25.83%,65,18.06%,77,21.39%,84,21.21%,99,26.61%,95,26.39%,144,39.34%,82,22.04%,-,-,-,-,-,-,-,-,-,-,-,-,-,-,-,-,22001
22101,90,25.00%,115,31.94%,93,25.83%,64,17.78%,77,21.39%,84,21.21%,98,26.34%,94,26.11%,144,39.34%,81,21.77%,-,-,-,-,-,-,-,-,-,-,-,-,-,-,-,-,22101
22201,90,25.00%,115,31.94%,93,25.83%,64,17.78%,76,21.11%,84,21.21%,98,26.34%,94,26.11%,144,39.34%,81,21.77%,-,-,-,-,-,-,-,-,-,-,-,-,-,-,-,-,22201
22301,89,24.72%,115,31.94%,92,25.56%,64,17.78%,76,21.11%,83,20.96%,98,26.34%,94,26.11%,144,39.34%,81,21.77%,-,-,-,-,-,-,-,-,-,-,-,-,-,-,-,-,22301
22401,89,24.72%,114,31.67%,92,25.56%,64,17.78%,76,21.11%,83,20.96%,98,26.34%,94,26.11%,144,39.34%,81,21.77%,-,-,-,-,-,-,-,-,-,-,-,-,-,-,-,-,22401
22501,89,24.72%,114,31.67%,92,25.56%,64,17.78%,76,21.11%,83,20.96%,98,26.34%,94,26.11%,143,39.07%,81,21.77%,-,-,-,-,-,-,-,-,-,-,-,-,-,-,-,-,22501
22601,89,24.72%,114,31.67%,92,25.56%,64,17.78%,76,21.11%,83,20.96%,97,26.08%,93,25.83%,143,39.07%,81,21.77%,-,-,-,-,-,-,-,-,-,-,-,-,-,-,-,-,22601
22701,89,24.72%,114,31.67%,92,25.56%,63,17.50%,75,20.83%,83,20.96%,97,26.08%,93,25.83%,143,39.07%,80,21.51%,-,-,-,-,-,-,-,-,-,-,-,-,-,-,-,-,22701
22801,89,24.72%,114,31.67%,92,25.56%,63,17.50%,75,20.83%,83,20.96%,97,26.08%,93,25.83%,143,39.07%,80,21.51%,-,-,-,-,-,-,-,-,-,-,-,-,-,-,-,-,22801
22901,89,24.72%,113,31.39%,91,25.28%,63,17.50%,75,20.83%,82,20.71%,97,26.08%,93,25.83%,142,38.80%,80,21.51%,-,-,-,-,-,-,-,-,-,-,-,-,-,-,-,-,22901
23001,89,24.72%,113,31.39%,91,25.28%,63,17.50%,75,20.83%,82,20.71%,97,26.08%,92,25.56%,142,38.80%,80,21.51%,-,-,-,-,-,-,-,-,-,-,-,-,-,-,-,-,23001
23101,89,24.72%,113,31.39%,91,25.28%,63,17.50%,75,20.83%,82,20.71%,96,25.81%,92,25.56%,142,38.80%,80,21.51%,-,-,-,-,-,-,-,-,-,-,-,-,-,-,-,-,23101
23201,88,24.44%,113,31.39%,91,25.28%,63,17.50%,74,20.56%,82,20.71%,96,25.81%,92,25.56%,142,38.80%,79,21.24%,-,-,-,-,-,-,-,-,-,-,-,-,-,-,-,-,23201
23301,88,24.44%,113,31.39%,91,25.28%,63,17.50%,74,20.56%,82,20.71%,96,25.81%,92,25.56%,142,38.80%,79,21.24%,-,-,-,-,-,-,-,-,-,-,-,-,-,-,-,-,23301
23401,88,24.44%,113,31.39%,90,25.00%,62,17.22%,74,20.56%,81,20.45%,96,25.81%,91,25.28%,141,38.52%,79,21.24%,-,-,-,-,-,-,-,-,-,-,-,-,-,-,-,-,23401
23501,88,24.44%,112,31.11%,90,25.00%,62,17.22%,74,20.56%,81,20.45%,96,25.81%,91,25.28%,141,38.52%,79,21.24%,-,-,-,-,-,-,-,-,-,-,-,-,-,-,-,-,23501
23601,88,24.44%,112,31.11%,90,25.00%,62,17.22%,74,20.56%,81,20.45%,95,25.54%,91,25.28%,141,38.52%,79,21.24%,-,-,-,-,-,-,-,-,-,-,-,-,-,-,-,-,23601
23701,87,24.17%,112,31.11%,90,25.00%,62,17.22%,73,20.28%,81,20.45%,95,25.54%,91,25.28%,141,38.52%,78,20.97%,-,-,-,-,-,-,-,-,-,-,-,-,-,-,-,-,23701
23801,87,24.17%,112,31.11%,90,25.00%,62,17.22%,73,20.28%,81,20.45%,95,25.54%,90,25.00%,141,38.52%,78,20.97%,-,-,-,-,-,-,-,-,-,-,-,-,-,-,-,-,23801
23901,87,24.17%,112,31.11%,90,25.00%,62,17.22%,73,20.28%,80,20.20%,95,25.54%,90,25.00%,140,38.25%,78,20.97%,-,-,-,-,-,-,-,-,-,-,-,-,-,-,-,-,23901
24001,87,24.17%,112,31.11%,89,24.72%,61,16.94%,73,20.28%,80,20.20%,95,25.54%,90,25.00%,140,38.25%,78,20.97%,-,-,-,-,-,-,-,-,-,-,-,-,-,-,-,-,24001
24101,87,24.17%,111,30.83%,89,24.72%,61,16.94%,73,20.28%,80,20.20%,94,25.27%,90,25.00%,140,38.25%,78,20.97%,-,-,-,-,-,-,-,-,-,-,-,-,-,-,-,-,24101
24201,87,24.17%,111,30.83%,89,24.72%,61,16.94%,72,20.00%,80,20.20%,94,25.27%,89,24.72%,140,38.25%,78,20.97%,-,-,-,-,-,-,-,-,-,-,-,-,-,-,-,-,24201
24301,87,24.17%,111,30.83%,89,24.72%,61,16.94%,72,20.00%,80,20.20%,94,25.27%,-,-,139,37.98%,77,20.70%,-,-,-,-,-,-,-,-,-,-,-,-,-,-,-,-,24301
24401,87,24.17%,111,30.83%,89,24.72%,61,16.94%,72,20.00%,79,19.95%,94,25.27%,-,-,139,37.98%,77,20.70%,-,-,-,-,-,-,-,-,-,-,-,-,-,-,-,-,24401
24501,86,23.89%,111,30.83%,88,24.44%,60,16.67%,72,20.00%,79,19.95%,94,25.27%,-,-,139,37.98%,77,20.70%,-,-,-,-,-,-,-,-,-,-,-,-,-,-,-,-,24501
24601,86,23.89%,111,30.83%,88,24.44%,60,16.67%,72,20.00%,79,19.95%,93,25.00%,-,-,139,37.98%,77,20.70%,-,-,-,-,-,-,-,-,-,-,-,-,-,-,-,-,24601
24701,86,23.89%,110,30.56%,88,24.44%,60,16.67%,72,20.00%,79,19.95%,93,25.00%,-,-,139,37.98%,77,20.70%,-,-,-,-,-,-,-,-,-,-,-,-,-,-,-,-,24701
24801,86,23.89%,110,30.56%,88,24.44%,60,16.67%,71,19.72%,79,19.95%,93,25.00%,-,-,138,37.70%,77,20.70%,-,-,-,-,-,-,-,-,-,-,-,-,-,-,-,-,24801
24901,86,23.89%,110,30.56%,88,24.44%,60,16.67%,71,19.72%,78,19.70%,93,25.00%,-,-,138,37.70%,76,20.43%,-,-,-,-,-,-,-,-,-,-,-,-,-,-,-,-,24901
25001,86,23.89%,110,30.56%,88,24.44%,60,16.67%,71,19.72%,78,19.70%,92,24.73%,-,-,138,37.70%,76,20.43%,-,-,-,-,-,-,-,-,-,-,-,-,-,-,-,-,25001
25101,85,23.61%,110,30.56%,88,24.44%,60,16.67%,71,19.72%,78,19.70%,-,-,-,-,138,37.70%,76,20.43%,-,-,-,-,-,-,-,-,-,-,-,-,-,-,-,-,25101
25201,85,23.61%,110,30.56%,87,24.17%,59,16.39%,71,19.72%,78,19.70%,-,-,-,-,138,37.70%,76,20.43%,-,-,-,-,-,-,-,-,-,-,-,-,-,-,-,-,25201
25301,85,23.61%,109,30.28%,87,24.17%,59,16.39%,70,19.44%,78,19.70%,-,-,-,-,137,37.43%,76,20.43%,-,-,-,-,-,-,-,-,-,-,-,-,-,-,-,-,25301
25401,85,23.61%,109,30.28%,87,24.17%,59,16.39%,70,19.44%,78,19.70%,-,-,-,-,137,37.43%,75,20.16%,-,-,-,-,-,-,-,-,-,-,-,-,-,-,-,-,25401
25501,85,23.61%,109,30.28%,87,24.17%,59,16.39%,70,19.44%,77,19.44%,-,-,-,-,137,37.43%,75,20.16%,-,-,-,-,-,-,-,-,-,-,-,-,-,-,-,-,25501
25601,85,23.61%,109,30.28%,87,24.17%,59,16.39%,70,19.44%,77,19.44%,-,-,-,-,137,37.43%,75,20.16%,-,-,-,-,-,-,-,-,-,-,-,-,-,-,-,-,25601
25701,85,23.61%,109,30.28%,86,23.89%,59,16.39%,70,19.44%,77,19.44%,-,-,-,-,137,37.43%,75,20.16%,-,-,-,-,-,-,-,-,-,-,-,-,-,-,-,-,25701
25801,84,23.33%,109,30.28%,86,23.89%,59,16.39%,70,19.44%,77,19.44%,-,-,-,-,136,37.16%,75,20.16%,-,-,-,-,-,-,-,-,-,-,-,-,-,-,-,-,25801
25901,84,23.33%,109,30.28%,86,23.89%,59,16.39%,69,19.17%,77,19.44%,-,-,-,-,136,37.16%,74,19.89%,-,-,-,-,-,-,-,-,-,-,-,-,-,-,-,-,25901
26001,84,23.33%,108,30.00%,86,23.89%,58,16.11%,69,19.17%,77,19.44%,-,-,-,-,136,37.16%,-,-,-,-,-,-,-,-,-,-,-,-,-,-,-,-,-,-,26001
26101,84,23.33%,-,-,86,23.89%,58,16.11%,69,19.17%,76,19.19%,-,-,-,-,136,37.16%,-,-,-,-,-,-,-,-,-,-,-,-,-,-,-,-,-,-,26101
26201,84,23.33%,-,-,86,23.89%,58,16.11%,69,19.17%,76,19.19%,-,-,-,-,136,37.16%,-,-,-,-,-,-,-,-,-,-,-,-,-,-,-,-,-,-,26201
26301,84,23.33%,-,-,86,23.89%,58,16.11%,69,19.17%,76,19.19%,-,-,-,-,135,36.89%,-,-,-,-,-,-,-,-,-,-,-,-,-,-,-,-,-,-,26301
26401,83,23.06%,-,-,85,23.61%,58,16.11%,69,19.17%,76,19.19%,-,-,-,-,135,36.89%,-,-,-,-,-,-,-,-,-,-,-,-,-,-,-,-,-,-,26401
26501,83,23.06%,-,-,-,-,58,16.11%,68,18.89%,76,19.19%,-,-,-,-,135,36.89%,-,-,-,-,-,-,-,-,-,-,-,-,-,-,-,-,-,-,26501
26601,83,23.06%,-,-,-,-,57,15.83%,68,18.89%,76,19.19%,-,-,-,-,135,36.89%,-,-,-,-,-,-,-,-,-,-,-,-,-,-,-,-,-,-,26601
26701,83,23.06%,-,-,-,-,57,15.83%,68,18.89%,75,18.94%,-,-,-,-,135,36.89%,-,-,-,-,-,-,-,-,-,-,-,-,-,-,-,-,-,-,26701
26801,83,23.06%,-,-,-,-,57,15.83%,68,18.89%,75,18.94%,-,-,-,-,135,36.89%,-,-,-,-,-,-,-,-,-,-,-,-,-,-,-,-,-,-,26801
26901,82,22.78%,-,-,-,-,57,15.83%,68,18.89%,75,18.94%,-,-,-,-,135,36.89%,-,-,-,-,-,-,-,-,-,-,-,-,-,-,-,-,-,-,26901
27001,82,22.78%,-,-,-,-,57,15.83%,67,18.61%,75,18.94%,-,-,-,-,135,36.89%,-,-,-,-,-,-,-,-,-,-,-,-,-,-,-,-,-,-,27001
27101,82,22.78%,-,-,-,-,57,15.83%,67,18.61%,75,18.94%,-,-,-,-,134,36.61%,-,-,-,-,-,-,-,-,-,-,-,-,-,-,-,-,-,-,27101
27201,82,22.78%,-,-,-,-,57,15.83%,67,18.61%,75,18.94%,-,-,-,-,134,36.61%,-,-,-,-,-,-,-,-,-,-,-,-,-,-,-,-,-,-,27201
27301,82,22.78%,-,-,-,-,57,15.83%,67,18.61%,74,18.69%,-,-,-,-,134,36.61%,-,-,-,-,-,-,-,-,-,-,-,-,-,-,-,-,-,-,27301
27401,82,22.78%,-,-,-,-,56,15.56%,67,18.61%,74,18.69%,-,-,-,-,133,36.34%,-,-,-,-,-,-,-,-,-,-,-,-,-,-,-,-,-,-,27401
27501,82,22.78%,-,-,-,-,56,15.56%,67,18.61%,74,18.69%,-,-,-,-,133,36.34%,-,-,-,-,-,-,-,-,-,-,-,-,-,-,-,-,-,-,27501
27601,82,22.78%,-,-,-,-,56,15.56%,66,18.33%,74,18.69%,-,-,-,-,133,36.34%,-,-,-,-,-,-,-,-,-,-,-,-,-,-,-,-,-,-,27601
27701,82,22.78%,-,-,-,-,56,15.56%,66,18.33%,74,18.69%,-,-,-,-,133,36.34%,-,-,-,-,-,-,-,-,-,-,-,-,-,-,-,-,-,-,27701
27801,81,22.50%,-,-,-,-,56,15.56%,66,18.33%,74,18.69%,-,-,-,-,133,36.34%,-,-,-,-,-,-,-,-,-,-,-,-,-,-,-,-,-,-,27801
27901,81,22.50%,-,-,-,-,56,15.56%,66,18.33%,73,18.43%,-,-,-,-,132,36.07%,-,-,-,-,-,-,-,-,-,-,-,-,-,-,-,-,-,-,27901
28001,81,22.50%,-,-,-,-,56,15.56%,66,18.33%,73,18.43%,-,-,-,-,132,36.07%,-,-,-,-,-,-,-,-,-,-,-,-,-,-,-,-,-,-,28001
28101,81,22.50%,-,-,-,-,56,15.56%,66,18.33%,73,18.43%,-,-,-,-,132,36.07%,-,-,-,-,-,-,-,-,-,-,-,-,-,-,-,-,-,-,28101
28201,81,22.50%,-,-,-,-,55,15.28%,65,18.06%,73,18.43%,-,-,-,-,132,36.07%,-,-,-,-,-,-,-,-,-,-,-,-,-,-,-,-,-,-,28201
28301,80,22.22%,-,-,-,-,55,15.28%,65,18.06%,73,18.43%,-,-,-,-,132,36.07%,-,-,-,-,-,-,-,-,-,-,-,-,-,-,-,-,-,-,28301
28401,80,22.22%,-,-,-,-,55,15.28%,65,18.06%,73,18.43%,-,-,-,-,132,36.07%,-,-,-,-,-,-,-,-,-,-,-,-,-,-,-,-,-,-,28401
28501,80,22.22%,-,-,-,-,55,15.28%,65,18.06%,72,18.18%,-,-,-,-,131,35.79%,-,-,-,-,-,-,-,-,-,-,-,-,-,-,-,-,-,-,28501
28601,80,22.22%,-,-,-,-,55,15.28%,65,18.06%,72,18.18%,-,-,-,-,131,35.79%,-,-,-,-,-,-,-,-,-,-,-,-,-,-,-,-,-,-,28601
28701,80,22.22%,-,-,-,-,55,15.28%,65,18.06%,72,18.18%,-,-,-,-,131,35.79%,-,-,-,-,-,-,-,-,-,-,-,-,-,-,-,-,-,-,28701
28801,80,22.22%,-,-,-,-,55,15.28%,64,17.78%,72,18.18%,-,-,-,-,131,35.79%,-,-,-,-,-,-,-,-,-,-,-,-,-,-,-,-,-,-,28801
28901,80,22.22%,-,-,-,-,55,15.28%,64,17.78%,72,18.18%,-,-,-,-,131,35.79%,-,-,-,-,-,-,-,-,-,-,-,-,-,-,-,-,-,-,28901
29001,80,22.22%,-,-,-,-,54,15.00%,64,17.78%,72,18.18%,-,-,-,-,130,35.52%,-,-,-,-,-,-,-,-,-,-,-,-,-,-,-,-,-,-,29001
29101,79,21.94%,-,-,-,-,-,-,64,17.78%,71,17.93%,-,-,-,-,130,35.52%,-,-,-,-,-,-,-,-,-,-,-,-,-,-,-,-,-,-,29101
29201,79,21.94%,-,-,-,-,-,-,64,17.78%,71,17.93%,-,-,-,-,130,35.52%,-,-,-,-,-,-,-,-,-,-,-,-,-,-,-,-,-,-,29201
29301,79,21.94%,-,-,-,-,-,-,64,17.78%,71,17.93%,-,-,-,-,130,35.52%,-,-,-,-,-,-,-,-,-,-,-,-,-,-,-,-,-,-,29301
29401,79,21.94%,-,-,-,-,-,-,64,17.78%,71,17.93%,-,-,-,-,130,35.52%,-,-,-,-,-,-,-,-,-,-,-,-,-,-,-,-,-,-,29401
29501,79,21.94%,-,-,-,-,-,-,63,17.50%,71,17.93%,-,-,-,-,130,35.52%,-,-,-,-,-,-,-,-,-,-,-,-,-,-,-,-,-,-,29501
29601,79,21.94%,-,-,-,-,-,-,63,17.50%,71,17.93%,-,-,-,-,129,35.25%,-,-,-,-,-,-,-,-,-,-,-,-,-,-,-,-,-,-,29601
29701,79,21.94%,-,-,-,-,-,-,63,17.50%,70,17.68%,-,-,-,-,129,35.25%,-,-,-,-,-,-,-,-,-,-,-,-,-,-,-,-,-,-,29701
29801,79,21.94%,-,-,-,-,-,-,63,17.50%,70,17.68%,-,-,-,-,129,35.25%,-,-,-,-,-,-,-,-,-,-,-,-,-,-,-,-,-,-,29801
29901,79,21.94%,-,-,-,-,-,-,63,17.50%,70,17.68%,-,-,-,-,129,35.25%,-,-,-,-,-,-,-,-,-,-,-,-,-,-,-,-,-,-,29901
30001,78,21.67%,-,-,-,-,-,-,63,17.50%,70,17.68%,-,-,-,-,129,35.25%,-,-,-,-,-,-,-,-,-,-,-,-,-,-,-,-,-,-,30001
30101,78,21.67%,-,-,-,-,-,-,62,17.22%,70,17.68%,-,-,-,-,129,35.25%,-,-,-,-,-,-,-,-,-,-,-,-,-,-,-,-,-,-,30101
30201,78,21.67%,-,-,-,-,-,-,-,-,70,17.68%,-,-,-,-,128,34.97%,-,-,-,-,-,-,-,-,-,-,-,-,-,-,-,-,-,-,30201
30301,78,21.67%,-,-,-,-,-,-,-,-,69,17.42%,-,-,-,-,128,34.97%,-,-,-,-,-,-,-,-,-,-,-,-,-,-,-,-,-,-,30301
30401,78,21.67%,-,-,-,-,-,-,-,-,69,17.42%,-,-,-,-,128,34.97%,-,-,-,-,-,-,-,-,-,-,-,-,-,-,-,-,-,-,30401
30501,78,21.67%,-,-,-,-,-,-,-,-,69,17.42%,-,-,-,-,128,34.97%,-,-,-,-,-,-,-,-,-,-,-,-,-,-,-,-,-,-,30501
30601,78,21.67%,-,-,-,-,-,-,-,-,69,17.42%,-,-,-,-,128,34.97%,-,-,-,-,-,-,-,-,-,-,-,-,-,-,-,-,-,-,30601
30701,78,21.67%,-,-,-,-,-,-,-,-,69,17.42%,-,-,-,-,128,34.97%,-,-,-,-,-,-,-,-,-,-,-,-,-,-,-,-,-,-,30701
30801,77,21.39%,-,-,-,-,-,-,-,-,69,17.42%,-,-,-,-,127,34.70%,-,-,-,-,-,-,-,-,-,-,-,-,-,-,-,-,-,-,30801
30901,77,21.39%,-,-,-,-,-,-,-,-,69,17.42%,-,-,-,-,-,-,-,-,-,-,-,-,-,-,-,-,-,-,-,-,-,-,-,-,30901
31001,77,21.39%,-,-,-,-,-,-,-,-,69,17.42%,-,-,-,-,-,-,-,-,-,-,-,-,-,-,-,-,-,-,-,-,-,-,-,-,31001
31101,77,21.39%,-,-,-,-,-,-,-,-,68,17.17%,-,-,-,-,-,-,-,-,-,-,-,-,-,-,-,-,-,-,-,-,-,-,-,-,31101
31201,77,21.39%,-,-,-,-,-,-,-,-,-,-,-,-,-,-,-,-,-,-,-,-,-,-,-,-,-,-,-,-,-,-,-,-,-,-,31201
31301,76,21.11%,-,-,-,-,-,-,-,-,-,-,-,-,-,-,-,-,-,-,-,-,-,-,-,-,-,-,-,-,-,-,-,-,-,-,31301
31401,76,21.11%,-,-,-,-,-,-,-,-,-,-,-,-,-,-,-,-,-,-,-,-,-,-,-,-,-,-,-,-,-,-,-,-,-,-,31401
31501,76,21.11%,-,-,-,-,-,-,-,-,-,-,-,-,-,-,-,-,-,-,-,-,-,-,-,-,-,-,-,-,-,-,-,-,-,-,31501
31601,76,21.11%,-,-,-,-,-,-,-,-,-,-,-,-,-,-,-,-,-,-,-,-,-,-,-,-,-,-,-,-,-,-,-,-,-,-,31601
31701,76,21.11%,-,-,-,-,-,-,-,-,-,-,-,-,-,-,-,-,-,-,-,-,-,-,-,-,-,-,-,-,-,-,-,-,-,-,31701
31801,76,21.11%,-,-,-,-,-,-,-,-,-,-,-,-,-,-,-,-,-,-,-,-,-,-,-,-,-,-,-,-,-,-,-,-,-,-,31801
31901,76,21.11%,-,-,-,-,-,-,-,-,-,-,-,-,-,-,-,-,-,-,-,-,-,-,-,-,-,-,-,-,-,-,-,-,-,-,31901
32001,76,21.11%,-,-,-,-,-,-,-,-,-,-,-,-,-,-,-,-,-,-,-,-,-,-,-,-,-,-,-,-,-,-,-,-,-,-,32001
32101,76,21.11%,-,-,-,-,-,-,-,-,-,-,-,-,-,-,-,-,-,-,-,-,-,-,-,-,-,-,-,-,-,-,-,-,-,-,32101
32201,76,21.11%,-,-,-,-,-,-,-,-,-,-,-,-,-,-,-,-,-,-,-,-,-,-,-,-,-,-,-,-,-,-,-,-,-,-,32201
32301,75,20.83%,-,-,-,-,-,-,-,-,-,-,-,-,-,-,-,-,-,-,-,-,-,-,-,-,-,-,-,-,-,-,-,-,-,-,32301
32401,75,20.83%,-,-,-,-,-,-,-,-,-,-,-,-,-,-,-,-,-,-,-,-,-,-,-,-,-,-,-,-,-,-,-,-,-,-,32401
32501,75,20.83%,-,-,-,-,-,-,-,-,-,-,-,-,-,-,-,-,-,-,-,-,-,-,-,-,-,-,-,-,-,-,-,-,-,-,32501
32601,75,20.83%,-,-,-,-,-,-,-,-,-,-,-,-,-,-,-,-,-,-,-,-,-,-,-,-,-,-,-,-,-,-,-,-,-,-,32601
32701,75,20.83%,-,-,-,-,-,-,-,-,-,-,-,-,-,-,-,-,-,-,-,-,-,-,-,-,-,-,-,-,-,-,-,-,-,-,32701
32801,74,20.56%,-,-,-,-,-,-,-,-,-,-,-,-,-,-,-,-,-,-,-,-,-,-,-,-,-,-,-,-,-,-,-,-,-,-,32801
32901,74,20.56%,-,-,-,-,-,-,-,-,-,-,-,-,-,-,-,-,-,-,-,-,-,-,-,-,-,-,-,-,-,-,-,-,-,-,32901
33001,74,20.56%,-,-,-,-,-,-,-,-,-,-,-,-,-,-,-,-,-,-,-,-,-,-,-,-,-,-,-,-,-,-,-,-,-,-,33001
33101,74,20.56%,-,-,-,-,-,-,-,-,-,-,-,-,-,-,-,-,-,-,-,-,-,-,-,-,-,-,-,-,-,-,-,-,-,-,33101
33201,74,20.56%,-,-,-,-,-,-,-,-,-,-,-,-,-,-,-,-,-,-,-,-,-,-,-,-,-,-,-,-,-,-,-,-,-,-,33201
33301,74,20.56%,-,-,-,-,-,-,-,-,-,-,-,-,-,-,-,-,-,-,-,-,-,-,-,-,-,-,-,-,-,-,-,-,-,-,33301
33401,74,20.56%,-,-,-,-,-,-,-,-,-,-,-,-,-,-,-,-,-,-,-,-,-,-,-,-,-,-,-,-,-,-,-,-,-,-,33401
33501,74,20.56%,-,-,-,-,-,-,-,-,-,-,-,-,-,-,-,-,-,-,-,-,-,-,-,-,-,-,-,-,-,-,-,-,-,-,33501
33601,74,20.56%,-,-,-,-,-,-,-,-,-,-,-,-,-,-,-,-,-,-,-,-,-,-,-,-,-,-,-,-,-,-,-,-,-,-,33601
33701,74,20.56%,-,-,-,-,-,-,-,-,-,-,-,-,-,-,-,-,-,-,-,-,-,-,-,-,-,-,-,-,-,-,-,-,-,-,33701